slug,title,primary_keyword,lsi_keywords,category,status,article_type,word_target
granola-alternative-siplinx,"Best Granola Alternative for Private AI Meeting Notes","granola alternative","granola app alternative, private meeting notes, offline ai notetaker, local ai meeting notes",Comparisons,published,alternative,
fireflies-alternative,"Best Fireflies AI Alternative in 2026: Private & Offline","fireflies alternative","fireflies ai alternative, private fireflies alternative, offline meeting recorder, no cloud meeting notes",Comparisons,in_progress,alternative,
otter-ai-alternative,"Best Otter AI Alternative: Local AI That Keeps Your Notes Private","otter ai alternative","alternatives to otter ai, otter alternative free, offline otter alternative, private meeting recorder",Comparisons,published,alternative,
zoom-meeting-notes,"AI Meeting Notes for Zoom: Automate Your Zoom Transcription","zoom meeting notes","ai note taker for zoom, zoom transcription, zoom meeting summary, zoom meeting recorder",Integrations,published,integration,
google-meet-notes,"AI Notes for Google Meet: Transcribe Without Uploading to the Cloud","google meet notes","google meet transcription, google meet ai notes, ai notetaker google meet, transcribe google meet",Integrations,published,integration,
teams-meeting-notes,"AI Meeting Notes for Microsoft Teams: Private Transcription That Works","teams meeting notes","microsoft teams transcription, teams note taker, teams ai notes, teams meeting recorder",Integrations,published,integration,
mac-meeting-notes-app,"Best Meeting Notes App for Mac in 2026: Local AI vs Cloud","mac meeting notes app","meeting recorder mac, ai notetaker mac, granola mac alternative, mac meeting recorder",Platform,rewrite,platform,
windows-meeting-recorder,"Best Meeting Recorder for Windows: AI Notes Without the Cloud","windows meeting recorder","meeting notes app windows, ai notetaker windows, windows meeting notes, offline meeting notes windows",Platform,published,platform,
offline-meeting-recorder,"Offline Meeting Recorder: AI Notes With No Internet Required","offline meeting recorder","offline meeting notes, no internet transcription, local ai meeting, air gap meeting notes",Privacy,published,privacy,
meeting-minutes-template,"Meeting Minutes Template: How to Write Minutes That People Actually Read","meeting minutes template","how to write meeting minutes, meeting minutes format, meeting minutes example, meeting minutes app",Templates,published,guide,
meeting-summary-generator,"AI Meeting Summary Generator: From Raw Transcript to Clean Recap","meeting summary generator","meeting summary, ai meeting summary, meeting recap, automated meeting summary",Productivity,published,guide,
meeting-action-items,"How to Extract Action Items from Meetings (Without Losing Any)","meeting action items","extract action items, action item extraction, post meeting follow up, meeting tasks",Productivity,rewrite,guide,
real-time-meeting-transcription,"Real-Time Meeting Transcription: How It Works and Which Tools Do It Locally","real time meeting transcription","live transcription app, meeting transcription software, automatic meeting transcription, live meeting transcription",Guides,published,guide,
ai-meeting-notes-complete-guide,"AI Meeting Notes: The Complete Guide for 2026","ai meeting notes","ai note taker, ai notetaker, automatic meeting notes, ai meeting assistant",Guides,rewrite,guide,
best-ai-meeting-assistant-2025,"Best AI Meeting Assistant in 2026: Compared on Privacy, Accuracy, and Price","best ai meeting assistant","ai meeting tool, top meeting notetakers, best ai notetaker, ai meeting notes comparison",Comparisons,in_progress,comparison,
how-to-take-meeting-notes,"How to Take Meeting Notes That Don't Waste Everyone's Time","how to take meeting notes","best practices meeting notes, effective meeting notes, meeting note taking tips, how to take good meeting notes",Guides,rewrite,guide,
how-to-write-meeting-summaries-ai,"How to Write Meeting Summaries with AI (and Sound Like a Human Did It)","how to write meeting summaries","meeting summary template, meeting recap template, ai meeting summary, post meeting summary",Guides,rewrite,guide,
private-ai-tools-local-processing,"Why Your AI Meeting Tool Might Be Leaking Data (And How to Stop It)","private ai meeting tools","meeting privacy, local ai processing, secure meeting notes, hipaa meeting notes",Privacy,rewrite,privacy,
productive-meetings-ai-strategies,"How AI Is Making Meetings Actually Productive in 2026","productive meetings ai","effective meetings, meeting productivity, ai meeting strategies, better meetings",Productivity,published,guide,
sales-call-notes,"AI for Sales Call Notes: Close More Deals By Stopping to Type","sales call notes","sales meeting notes, sales call recorder, crm meeting notes, sales meeting recorder",Sales,rewrite,use-case,
one-on-one-meeting-notes,"One on one meeting notes: the template that actually works","one on one meeting notes","one on one template, one on one agenda, 1 on 1 template, one to one questions",Templates,published,guide,2800
what-is-a-local-llm,"What Is a Local LLM? On-Device AI for Meeting Privacy","local llm","self-hosted llm, self hosted llm, offline ai, best local llm for coding",Privacy,published,guide,2986
