keyword,priority,volume,kd,cpc,intent,seed,flag,published,Ссылка конкурента 1,Ссылка конкурента 2,Ссылка конкурента 3,Заголовок конкурента 1,Заголовок конкурента 2,Заголовок конкурента 3,Сниппет конкурента 1,Сниппет конкурента 2,Сниппет конкурента 3
transcript generator,P1,8100,52,0.97,I,ai transcription app,ok,,,,,,,,,,
free audio transcription,P1,3200,55,1.51,I,automatic meeting transcription,ok,,,,,,,,,,
free transcribe audio to text,P1,2400,53,1.75,I,ai transcription app,ok,,,,,,,,,,
free transcribe audio,P1,2400,55,1.51,I,ai transcription app,ok,,,,,,,,,,
zoom transcript,P1,720,13,1.75,I,automatic meeting transcription,ok,,,,,,,,,,
live transcript,P1,880,32,1.58,I,live transcription app,ok,,,,,,,,,,
transcribe voice memos,P1,660,16,1.59,I,meeting speech to text,ok,,,,,,,,,,
live transcription,P1,880,38,1.58,I,live transcription app,ok,,,,,,,,,,
transcriptor,P1,880,39,0.9,I,ai transcription app,ok,,,,,,,,,,
audio to text free,P1,1100,53,0.84,I,ai transcription app,ok,,,,,,,,,,
free transcription,P1,920,44,0.89,I,automatic meeting transcription,ok,,,,,,,,,,
zoom meeting transcript,P1,590,13,2.16,I,automatic meeting transcription,ok,,,,,,,,,,
how to write a transcript,P1,590,15,1.34,I,meeting audio transcription,ok,,,,,,,,,,
transcribe an audio file,P1,740,35,1.79,I,ai transcription app,ok,,,,,,,,,,
how do you write a transcript,P1,590,19,1.34,I,meeting audio transcription,ok,,,,,,,,,,
how to use voice to text,P1,740,37,0.3,I,meeting speech to text,ok,,,,,,,,,,
transcription tool,P1,880,48,2.17,I,meeting transcription software,ok,,,,,,,,,,
transcribir,P1,810,44,0.9,I,ai transcription app,ok,,,,,,,,,,
google live transcribe,P1,720,37,1.37,"I,N",live transcription app,ok,,,,,,,,,,
transcribe mp3,P1,610,31,0.84,I,meeting speech to text,ok,,,,,,,,,,
audio to transcript free,P1,590,29,0.98,I,ai transcription app,ok,,,,,,,,,,
real time transcription software,P1,590,30,0,I,live transcription app,ok,,,,,,,,,,
live transcribe app for android,P1,590,34,1.71,"I,N",live transcription app,ok,,,,,,,,,,
google transcribe audio to text,P1,590,35,1.82,I,meeting speech to text,ok,,,,,,,,,,
transcription of audio files to text,P1,590,36,2.04,I,transcribe meeting,ok,,,,,,,,,,
recording transcription,P1,660,45,1.67,"L,C",automatic meeting transcription,ok,,,,,,,,,,
transcription software from audio to text,P1,590,41,2.14,I,meeting transcription software,ok,,,,,,,,,,
transcribe audio file to text,P1,590,41,2.04,I,ai transcription app,ok,,,,,,,,,,
audio file to text transcription,P1,590,41,2.04,I,ai transcription app,ok,,,,,,,,,,
how to turn audio into text,P1,590,41,1.83,I,meeting audio transcription,ok,,,,,,,,,,
recording and transcription,P1,660,48,2.29,"L,C",meeting transcription software,ok,,,,,,,,,,
transcribing audio recordings,P1,590,43,2.01,"L,C",automatic meeting transcription,ok,,,,,,,,,,
free audio transcription service,P1,590,43,0.98,I,meeting audio transcription,ok,,,,,,,,,,
audio recording to transcript,P1,590,44,2.01,I,automatic meeting transcription,ok,,,,,,,,,,
audio text transcription software,P1,590,45,1.24,I,meeting transcription software,ok,,,,,,,,,,
audio file transcription software,P1,590,46,1.44,I,meeting transcription software,ok,,,,,,,,,,
transcribe audio recording to text software,P1,590,46,2.14,I,automatic meeting transcription,ok,,,,,,,,,,
transcribe audio recording,P1,590,46,2.01,I,meeting audio transcription,ok,,,,,,,,,,
create a transcript,P1,610,48,1.12,I,automatic meeting transcription,ok,,,,,,,,,,
transcription from audio file,P1,590,47,1.44,I,transcribe meeting,ok,,,,,,,,,,
free audio transcription services,P1,590,47,0.98,I,transcribe meeting,ok,,,,,,,,,,
transcript of audio,P1,660,53,1.26,I,automatic meeting transcription,ok,,,,,,,,,,
transcription tools,P1,590,48,2.17,I,meeting transcription software,ok,,,,,,,,,,
audio to text transcription software,P1,590,48,1.24,I,automatic meeting transcription,ok,,,,,,,,,,
audio to text transcribe software,P1,590,50,1.24,I,meeting transcription software,ok,,,,,,,,,,
software for transcription audio to text,P1,590,50,2.14,I,meeting transcription software,ok,,,,,,,,,,
transcription free,P1,590,50,1.09,I,automatic meeting transcription,ok,,,,,,,,,,
free transcription service,P1,590,50,2.51,I,ai transcription app,ok,,,,,,,,,,
how to convert audio to text,P1,590,50,1.83,I,meeting speech to text,ok,,,,,,,,,,
words to text,P1,590,50,0.96,I,meeting speech to text,ok,,,,,,,,,,
free transcription services,P1,590,51,2.51,I,ai transcription app,ok,,,,,,,,,,
transcribe the words,P1,590,52,1.32,I,automatic meeting transcription,ok,,,,,,,,,,
transcription web,P1,590,53,0.61,I,automatic meeting transcription,ok,,,,,,,,,,
transcriber audio,P1,590,53,2.01,I,automatic meeting transcription,ok,,,,,,,,,,
transcribe online,P1,590,53,0.98,I,ai transcription app,ok,,,,,,,,,,
transcribe voice recording to text,P1,590,53,2.14,I,ai transcription app,ok,,,,,,,,,,
transcription services free,P1,590,53,2.51,I,transcribe meeting,ok,,,,,,,,,,
free transcribing service,P1,590,53,2.51,I,transcribe meeting,ok,,,,,,,,,,
transcription online,P1,590,54,0.98,I,automatic meeting transcription,ok,,,,,,,,,,
transcribing software audio to text,P1,590,55,2.14,I,meeting transcription software,ok,,,,,,,,,,
audio to text converter,P2,5700,59,1.04,I,ai transcription app,ok,,,,,,,,,,
transcription services,P2,5400,63,4.6,"L,C",ai transcription app,ok,,,,,,,,,,
audio file to text,P2,5700,65,0.9,I,meeting audio transcription,ok,,,,,,,,,,
transcriber,P2,4400,61,1.1,"L,C",automatic meeting transcription,ok,,,,,,,,,,
transcription service,P2,3600,63,4.6,"L,C",ai transcription app,ok,,,,,,,,,,
text transcription,P2,3200,65,1.27,I,automatic meeting transcription,ok,,,,,,,,,,
audio into text,P2,2400,61,0.9,I,ai transcription app,ok,,,,,,,,,,
transcript text,P2,1800,61,1.12,I,ai transcription app,ok,,,,,,,,,,
transcript ai,P2,1900,64,1.39,I,automatic meeting transcription,ok,,,,,,,,,,
get a transcript,P2,1800,62,0.99,I,ai transcription app,ok,,,,,,,,,,
convert audio to text,P2,1800,63,1.37,I,ai transcription app,ok,,,,,,,,,,
transcribes,P2,1300,65,1.1,I,automatic meeting transcription,ok,,,,,,,,,,
translate voice to text,P2,1100,64,1.1,I,meeting speech to text,ok,,,,,,,,,,
video transcription software,P2,480,29,2.48,I,meeting transcription software,ok,,,,,,,,,,
video transcript software,P2,480,29,2.48,I,meeting transcription software,ok,,,,,,,,,,
how to transcribe zoom meetings,P2,390,18,1.98,I,transcribe meeting,ok,,,,,,,,,,
app that transcribes audio to text,P2,480,36,2.89,I,live transcription app,ok,,,,,,,,,,
app transcribe audio to text,P2,480,36,2.89,I,live transcription app,ok,,,,,,,,,,
software for video transcription,P2,480,36,2.48,I,meeting transcription software,ok,,,,,,,,,,
software to transcribe video,P2,480,36,2.48,I,meeting transcription software,ok,,,,,,,,,,
app that transcribes audio into text,P2,480,38,2.89,I,live transcription app,ok,,,,,,,,,,
voice into,P2,810,64,1.63,I,meeting speech to text,ok,,,,,,,,,,
live transcribe and sound notifications,P2,390,29,0.79,"I,N",live transcription app,ok,,,,,,,,,,
app to transcribe audio to text,P2,480,43,2.89,I,live transcription app,ok,,,,,,,,,,
video transcribing software,P2,480,44,2.48,I,meeting transcription software,ok,,,,,,,,,,
transcription software audio to text,P2,590,56,2.14,I,meeting transcription software,ok,,,,,,,,,,
online transcriber,P2,590,56,0.98,I,automatic meeting transcription,ok,,,,,,,,,,
live transcribe app,P2,390,34,0.92,"I,N",live transcription app,ok,,,,,,,,,,
transcribing service free,P2,590,57,2.51,I,meeting transcription software,ok,,,,,,,,,,
speech to text apps for android,P2,390,36,0.75,I,live transcription app,ok,,,,,,,,,,
transcribe website,P2,590,58,1.28,I,automatic meeting transcription,ok,,,,,,,,,,
does zoom transcribe meetings,P2,320,23,3.04,I,transcribe meeting,ok,,,,,,,,,,
speech to text app for android,P2,390,37,0.75,I,live transcription app,ok,,,,,,,,,,
software for transcribing video,P2,480,50,2.48,I,meeting transcription software,ok,,,,,,,,,,
real time transcriptions,P2,320,25,2.49,I,live transcription app,ok,,,,,,,,,,
android voice transcription,P2,390,40,2.42,I,live transcription app,ok,,,,,,,,,,
best speech-to-text app for hearing impaired free,P2,320,28,0,I,live transcription app,ok,,,,,,,,,,
real time transcripts,P2,320,28,2.49,I,live transcription app,ok,,,,,,,,,,
transcriptions online,P2,590,61,0.98,I,automatic meeting transcription,ok,,,,,,,,,,
transcription website,P2,590,62,1.28,I,automatic meeting transcription,ok,,,,,,,,,,
transcribe web,P2,590,62,1.28,I,automatic meeting transcription,ok,,,,,,,,,,
ai transcription tool,P2,480,54,3.04,I,meeting transcription software,ok,,,,,,,,,,
recording to text,P2,480,54,1.4,I,automatic meeting transcription,ok,,,,,,,,,,
app to transcribe audio,P2,320,31,2.67,I,live transcription app,ok,,,,,,,,,,
online transcription,P2,590,63,0.98,I,automatic meeting transcription,ok,,,,,,,,,,
transkriptionstool,P2,590,63,2.17,I,automatic meeting transcription,ok,,,,,,,,,,
transcribing website,P2,590,63,1.28,I,automatic meeting transcription,ok,,,,,,,,,,
sound to text app,P2,390,46,2.13,I,live transcription app,ok,,,,,,,,,,
real time transcription,P2,320,35,2.49,I,live transcription app,ok,,,,,,,,,,
free speech to text app,P2,390,47,1.2,I,live transcription app,ok,,,,,,,,,,
transcription maker,P2,540,62,0.72,"L,C",automatic meeting transcription,ok,,,,,,,,,,
audio to text app,P2,390,48,2.13,I,live transcription app,ok,,,,,,,,,,
real-time transcription,P2,320,37,2.49,I,live transcription app,ok,,,,,,,,,,
audio to text application,P2,390,49,2.13,I,live transcription app,ok,,,,,,,,,,
recorder to text,P2,480,62,1.4,I,transcribe meeting,ok,,,,,,,,,,
application to transcribe audio,P2,320,44,2.67,I,live transcription app,ok,,,,,,,,,,
how to transcribe a zoom meeting,P2,210,18,1.77,I,transcribe meeting,ok,,,,,,,,,,
audio text app,P2,390,57,2.13,I,live transcription app,ok,,,,,,,,,,
deaf voice to text devices,P2,210,23,0.41,I,live transcription app,ok,,,,,,,,,,
free voice texting app,P2,260,38,1.2,I,live transcription app,ok,,,,,,,,,,
voice transcription app,P2,320,50,2.27,I,live transcription app,ok,,,,,,,,,,
meet transcribe,P2,210,27,4.02,I,transcribe meeting,ok,,,,,,,,,,
best speech to text app for android,P2,210,28,1.59,I,live transcription app,ok,,,,,,,,,,
free voice to text app,P2,260,43,1.2,I,live transcription app,ok,,,,,,,,,,
phone transcription,P2,260,45,2.45,I,live transcription app,ok,,,,,,,,,,
best free transcribing app,P2,210,32,1.84,I,live transcription app,ok,,,,,,,,,,
google transcribe,P2,220,36,1.67,I,live transcription app,ok,,,,,,,,,,
transcribing app free,P2,210,33,1.99,I,live transcription app,ok,,,,,,,,,,
free transcription apps,P2,210,38,1.99,I,live transcription app,ok,,,,,,,,,,
meeting transcriber,P2,210,49,4.02,I,transcribe meeting,ok,,,,,,,,,,
transcribe meetings,P2,210,50,4.02,I,transcribe meeting,ok,,,,,,,,,,
transcribe,P3,33100,85,1.1,I,automatic meeting transcription,ok,,,,,,,,,,
transcribe audio,P3,27100,82,1.26,I,automatic meeting transcription,ok,,,,,,,,,,
transcribe audio to text,P3,22200,86,1.48,I,ai transcription app,ok,,,,,,,,,,
audio to text,P3,12100,75,0.9,I,ai transcription app,ok,,,,,,,,,,
message to text,P3,18100,84,0.56,I,meeting speech to text,ok,,,,,,,,,,
transcript audio,P3,14800,82,1.26,I,automatic meeting transcription,ok,,,,,,,,,,
audio transcript,P3,8000,67,1.26,I,automatic meeting transcription,ok,,,,,,,,,,
transcribe audio to text free,P3,8100,69,1.49,I,ai transcription app,ok,,,,,,,,,,
otter ai login,P3,6600,67,0.03,I,automatic meeting transcription,ok,,,,,,,,,,
transcript from audio,P3,6600,68,1.26,I,ai transcription app,ok,,,,,,,,,,
transcribed,P3,6600,73,1.1,I,ai transcription app,ok,,,,,,,,,,
ai transcription,P3,5400,68,2.08,I,meeting transcription software,ok,,,,,,,,,,
audio transcription,P3,18100,91,1.26,"L,C",automatic meeting transcription,ok,,,,,,,,,,
transcribing,P3,4400,72,1.1,I,automatic meeting transcription,ok,,,,,,,,,,
audio to text transcription,P3,12100,90,1.48,I,ai transcription app,ok,,,,,,,,,,
live transcribe,P3,4400,74,0.66,"I,N",live transcription app,ok,,,,,,,,,,
transcription app,P3,3200,67,2.24,I,live transcription app,ok,,,,,,,,,,
transcription apps,P3,2400,67,2.24,I,live transcription app,ok,,,,,,,,,,
audio to transcript,P3,2400,67,1.02,I,ai transcription app,ok,,,,,,,,,,
transcribe app,P3,2900,73,2.24,I,live transcription app,ok,,,,,,,,,,
transcribe audio file,P3,2400,68,1.79,I,automatic meeting transcription,ok,,,,,,,,,,
transcription audio,P3,2400,68,1.26,"L,C",automatic meeting transcription,ok,,,,,,,,,,
transcriptions,P3,1900,67,0.73,"L,C",ai transcription app,ok,,,,,,,,,,
how to transcribe audio,P3,2400,74,1.9,I,meeting audio transcription,ok,,,,,,,,,,
record a meeting,P3,1800,71,3.59,I,meeting transcription software,ok,,,,,,,,,,
audio transcripts,P3,1900,74,1.02,I,automatic meeting transcription,ok,,,,,,,,,,
ai transcript,P3,1500,68,2.08,I,meeting transcription software,ok,,,,,,,,,,
transcribe voice,P3,1800,74,1.44,I,ai transcription app,ok,,,,,,,,,,
voice transcription,P3,1600,71,1.44,"L,C",ai transcription app,ok,,,,,,,,,,
transcription ai,P3,1300,68,1.39,I,meeting transcription software,ok,,,,,,,,,,
transcription audio to text,P3,1300,70,1.48,I,ai transcription app,ok,,,,,,,,,,
audio transcriber,P3,1300,73,1.26,I,ai transcription app,ok,,,,,,,,,,
record and transcribe,P3,1500,77,2.29,I,meeting transcription software,ok,,,,,,,,,,
transcribe an audio,P3,1100,69,1.26,I,automatic meeting transcription,ok,,,,,,,,,,
zoom transcription,P3,1100,73,2.23,I,automatic meeting transcription,ok,,,,,,,,,,
transcribe site,P3,590,67,1.28,I,automatic meeting transcription,ok,,,,,,,,,,
transcriber website,P3,590,69,1.28,I,automatic meeting transcription,ok,,,,,,,,,,
transcribe conversation,P3,480,67,1.78,I,meeting transcription software,ok,,,,,,,,,,
can zoom transcribe a meeting,P3,140,13,1.75,I,transcribe meeting,ok,,,,,,,,,,
best meeting transcription app,P3,170,29,3.29,I,best meeting transcription,ok,,,,,,,,,,
how to transcribe a teams meeting,P3,140,14,1.98,I,transcribe meeting,ok,,,,,,,,,,
transcribe app for android,P3,170,30,2.25,"I,N",live transcription app,ok,,,,,,,,,,
transcription apps for android,P3,170,30,2.25,I,live transcription app,ok,,,,,,,,,,
transcription app android,P3,170,33,2.25,I,live transcription app,ok,,,,,,,,,,
transcribing minutes of meetings,P3,170,33,3.41,I,transcribe meeting,ok,,,,,,,,,,
voice to text for deaf,P3,140,19,1.1,I,live transcription app,ok,,,,,,,,,,
hearing impaired speech to text,P3,140,19,1.1,I,live transcription app,ok,,,,,,,,,,
speech to text deaf,P3,140,19,1.1,I,live transcription app,ok,,,,,,,,,,
transcribe meet,P3,140,21,3.82,I,transcribe meeting,ok,,,,,,,,,,
voice to text app free,P3,170,36,1.12,I,live transcription app,ok,,,,,,,,,,
google live transcribe iphone,P3,140,23,0.97,I,live transcription app,ok,,,,,,,,,,
app that translates voice into text,P3,170,37,1.62,I,live transcription app,ok,,,,,,,,,,
live transcribe for android,P3,170,38,1.32,"I,N",live transcription app,ok,,,,,,,,,,
speech to text for deaf,P3,140,26,1.1,I,live transcription app,ok,,,,,,,,,,
voice to text free app,P3,170,43,1.12,I,live transcription app,ok,,,,,,,,,,
transcribe meeting minutes,P3,170,43,3.41,I,transcribe meeting,ok,,,,,,,,,,
how to transcribe teams meeting,P3,110,12,2.3,I,transcribe meeting,ok,,,,,,,,,,
live transcribe google,P3,140,31,0.86,"I,N",live transcription app,ok,,,,,,,,,,
transcribe zoom meetings,P3,110,13,3.34,I,transcribe meeting,ok,,,,,,,,,,
translate transcribe,P3,170,44,1.66,I,live transcription app,ok,,,,,,,,,,
google transcribe app,P3,140,32,1.94,"I,N",live transcription app,ok,,,,,,,,,,
google app transcribe,P3,140,32,1.94,"I,N",live transcription app,ok,,,,,,,,,,
speech to text converter app,P3,170,45,1.62,I,live transcription app,ok,,,,,,,,,,
transcribe teams meeting,P3,110,17,2.65,I,transcribe meeting,ok,,,,,,,,,,
transcribing zoom meetings,P3,110,18,3.34,I,transcribe meeting,ok,,,,,,,,,,
record meeting and transcribe,P3,140,36,3.63,I,transcribe meeting,ok,,,,,,,,,,
live transcribe android,P3,140,38,0.4,"I,N",live transcription app,ok,,,,,,,,,,
app to record and transcribe meetings,P3,110,22,3.32,I,transcribe meeting,ok,,,,,,,,,,
record and transcribe teams meeting,P3,90,7,3.39,I,transcribe meeting,ok,,,,,,,,,,
google meets transcribe,P3,90,7,3.97,I,transcribe meeting,ok,,,,,,,,,,
live transcribe for deaf,P3,110,24,0.73,"I,N",live transcription app,ok,,,,,,,,,,
app that converts speech to text,P3,170,52,1.62,I,live transcription app,ok,,,,,,,,,,
free app to transcribe audio to text,P3,140,42,2.15,I,live transcription app,ok,,,,,,,,,,
record meetings and transcribe,P3,140,42,3.63,I,transcribe meeting,ok,,,,,,,,,,
live transcribe & sound notifications,P3,110,27,1.35,"I,N",live transcription app,ok,,,,,,,,,,
google transcribing app,P3,110,28,2.17,"I,N",live transcription app,ok,,,,,,,,,,
does teams transcribe meetings,P3,90,12,3.03,I,transcribe meeting,ok,,,,,,,,,,
google meet transcribe,P3,90,14,3.97,I,transcribe meeting,ok,,,,,,,,,,
voice to text transcription app,P3,140,46,2.14,I,live transcription app,ok,,,,,,,,,,
live speech to text,P3,170,56,1.55,I,live transcription app,ok,,,,,,,,,,
google transcription app,P3,110,32,2.17,"I,N",live transcription app,ok,,,,,,,,,,
transcribe zoom meeting,P3,90,18,2.17,I,transcribe meeting,ok,,,,,,,,,,
hearing impaired voice to text,P3,90,19,0,I,live transcription app,ok,,,,,,,,,,
live transcribe for pc,P3,90,21,1.78,I,live transcription app,ok,,,,,,,,,,
audio transcription app free,P3,110,39,2.33,I,live transcription app,ok,,,,,,,,,,
real time transcription app,P3,90,27,1.78,I,live transcription app,ok,,,,,,,,,,
live transcribe and notification,P3,90,27,1.03,I,live transcription app,ok,,,,,,,,,,
live transcribe and notification app,P3,90,27,1.41,"I,N",live transcription app,ok,,,,,,,,,,
live transcribe audio to text,P3,110,41,1.74,I,live transcription app,ok,,,,,,,,,,
how to record and transcribe meeting minutes free,P3,90,28,1.84,I,transcribe meeting,ok,,,,,,,,,,
best voice transcriber app,P3,90,31,1.92,I,live transcription app,ok,,,,,,,,,,
transcribe google meet,P3,70,14,4.07,I,transcribe meeting,ok,,,,,,,,,,
live transcribe and notifications,P3,90,34,1.03,I,live transcription app,ok,,,,,,,,,,
apps that can transcribe audio to text,P3,90,38,3.53,I,live transcription app,ok,,,,,,,,,,
google live transcribe android,P3,70,23,0.86,I,live transcription app,ok,,,,,,,,,,
transcribe speech to text app,P3,90,43,2.48,I,live transcription app,ok,,,,,,,,,,
transcribe audio to text app,P3,70,30,1.96,I,live transcription app,ok,,,,,,,,,,
app to record meetings and transcribe,P3,70,30,3.4,I,transcribe meeting,ok,,,,,,,,,,
voice recorder and transcriber app,P3,70,33,2.68,I,live transcription app,ok,,,,,,,,,,
how to transcribe google meet,P3,50,7,3.72,I,transcribe meeting,ok,,,,,,,,,,
live audio transcription,P3,70,34,2.11,I,live transcription app,ok,,,,,,,,,,
free live transcribe,P3,70,36,1.58,I,live transcription app,ok,,,,,,,,,,
google translate live transcribe,P3,70,36,0.96,I,live transcription app,ok,,,,,,,,,,
android live transcribe,P3,70,38,0.66,"I,N",live transcription app,ok,,,,,,,,,,
google live transcription,P3,70,38,1.53,"I,N",live transcription app,ok,,,,,,,,,,
free app voice to text,P3,70,38,1.06,I,live transcription app,ok,,,,,,,,,,
app that translates audio to text,P3,70,40,2.2,I,live transcription app,ok,,,,,,,,,,
zoom transcribe meeting,P3,50,18,2.95,I,transcribe meeting,ok,,,,,,,,,,
voice to transcript app,P3,70,42,2.37,I,live transcription app,ok,,,,,,,,,,
voice transcriber app,P3,70,43,2.37,I,live transcription app,ok,,,,,,,,,,
free speech to text android app,P3,70,43,0.66,I,live transcription app,ok,,,,,,,,,,
audio recording to text app,P3,70,46,2.82,I,live transcription app,ok,,,,,,,,,,
google live transcript,P3,70,46,1.53,"I,N",live transcription app,ok,,,,,,,,,,
transcribe teams meeting without recording,P3,40,6,3.08,I,transcribe meeting,ok,,,,,,,,,,
audio to text transcription app,P3,70,48,1.96,I,live transcription app,ok,,,,,,,,,,
free voice transcription app,P3,70,48,2.24,I,live transcription app,ok,,,,,,,,,,
transcribe meeting audio to text,P3,70,48,3.56,I,transcribe meeting,ok,,,,,,,,,,
transcribe live audio to text,P3,90,60,2.05,I,live transcription app,ok,,,,,,,,,,
does microsoft teams transcribe meetings,P3,40,12,0,I,transcribe meeting,ok,,,,,,,,,,
how to transcribe a meeting in teams,P3,40,12,2.4,I,transcribe meeting,ok,,,,,,,,,,
transcribe meeting in teams,P3,40,12,2.99,I,transcribe meeting,ok,,,,,,,,,,
app that records and transcribes meetings,P3,50,30,4.21,I,transcribe meeting,ok,,,,,,,,,,
transcribing a zoom meeting,P3,40,13,2.56,I,transcribe meeting,ok,,,,,,,,,,
convert audio to text app,P3,70,51,2.2,I,live transcription app,ok,,,,,,,,,,
transcribe meetings in teams,P3,40,15,2.99,I,transcribe meeting,ok,,,,,,,,,,
transcribe a zoom meeting,P3,40,19,2.56,I,transcribe meeting,ok,,,,,,,,,,
live audio to text converter,P3,70,57,1.77,I,live transcription app,ok,,,,,,,,,,
meeting minutes recorder and transcriber,P3,50,43,3.04,I,transcribe meeting,ok,,,,,,,,,,
auto transcribe teams meeting,P3,30,12,3.34,I,transcribe meeting,ok,,,,,,,,,,
ai transcription apps,P3,50,48,2.59,I,ai transcription app,ok,,,,,,,,,,
google meet live transcription,P3,30,14,4.31,I,live meeting transcription,ok,,,,,,,,,,
how to transcribe zoom meetings in word,P3,30,20,1.62,I,transcribe meeting,ok,,,,,,,,,,
transcribe a meeting,P3,40,42,4.86,I,transcribe meeting,ok,,,,,,,,,,
teams transcribe meeting,P3,30,26,2.7,I,transcribe meeting,ok,,,,,,,,,,
transcribing meetings,P3,40,50,3.77,"I,N",transcribe meeting,ok,,,,,,,,,,
transcribe google meet recording,P3,20,7,5.28,I,transcribe meeting,ok,,,,,,,,,,
can you transcribe a teams meeting,P3,20,10,1.47,I,transcribe meeting,ok,,,,,,,,,,
best live transcription app,P3,30,41,1.82,I,live transcription app,ok,,,,,,,,,,
can microsoft teams transcribe meetings,P3,20,12,1.39,I,transcribe meeting,ok,,,,,,,,,,
transcribe zoom meetings for free,P3,20,13,2.09,I,transcribe meeting,ok,,,,,,,,,,
zoom transcribe meetings,P3,20,18,2.03,I,transcribe meeting,ok,,,,,,,,,,
transcribing teams meetings,P3,20,19,3.12,"I,N",transcribe meeting,ok,,,,,,,,,,
transcribe a teams meeting,P3,20,19,1.98,I,transcribe meeting,ok,,,,,,,,,,
how to transcribe meeting minutes,P3,20,25,2.85,I,transcribe meeting,ok,,,,,,,,,,
zoom meeting transcription software,P3,20,27,0,I,meeting transcription software,ok,,,,,,,,,,
transcribe teams meetings,P3,20,27,3.67,"I,N",transcribe meeting,ok,,,,,,,,,,
software to record and transcribe meeting minutes,P3,20,30,3.07,I,transcribe meeting,ok,,,,,,,,,,
meeting notes transcriber,P3,30,56,4.09,I,transcribe meeting,ok,,,,,,,,,,
how to transcribe minutes meeting,P3,20,38,2.85,I,transcribe meeting,ok,,,,,,,,,,
speech to text for meetings,P3,20,51,1.56,I,meeting speech to text,ok,,,,,,,,,,
how to transcribe a microsoft teams meeting,P3,10,7,0,I,transcribe meeting,ok,,,,,,,,,,
how to transcribe microsoft teams meeting,P3,10,10,0.9,I,transcribe meeting,ok,,,,,,,,,,
live transcription for zoom meetings,P3,10,10,0,I,live meeting transcription,ok,,,,,,,,,,
can teams transcribe a meeting,P3,10,12,0,I,transcribe meeting,ok,,,,,,,,,,
can microsoft teams transcribe meeting,P3,10,12,0,I,transcribe meeting,ok,,,,,,,,,,
transcribing microsoft teams meeting,P3,10,12,0,I,transcribe meeting,ok,,,,,,,,,,
live transcription in microsoft teams meetings,P3,10,12,0,I,live meeting transcription,ok,,,,,,,,,,
best way to transcribe zoom meeting,P3,10,13,4.72,"I,N",transcribe meeting,ok,,,,,,,,,,
transcribing zoom meeting recording,P3,10,13,3.71,I,transcribe meeting,ok,,,,,,,,,,
how to transcribe a teams meeting recording,P3,10,14,1.51,I,transcribe meeting,ok,,,,,,,,,,
transcribe recorded teams meeting,P3,10,14,3.31,I,transcribe meeting,ok,,,,,,,,,,
transcribe a teams meeting recording,P3,10,14,0,I,transcribe meeting,ok,,,,,,,,,,
record teams meeting and transcribe,P3,10,14,2.99,I,transcribe meeting,ok,,,,,,,,,,
how to transcribe teams meeting recording,P3,10,14,1.95,I,transcribe meeting,ok,,,,,,,,,,
how do i transcribe a microsoft teams meeting recording,P3,10,14,1.79,I,transcribe meeting,ok,,,,,,,,,,
speech to text in zoom meeting,P3,10,14,0,I,meeting speech to text,ok,,,,,,,,,,
zoom meeting text to speech,P3,10,14,0,I,meeting speech to text,ok,,,,,,,,,,
transcribe ms teams meeting,P3,10,15,0,I,transcribe meeting,ok,,,,,,,,,,
transcribe meeting recording,P3,20,58,4.97,"I,N",transcribe meeting,ok,,,,,,,,,,
transcribe microsoft teams meeting,P3,10,16,3.11,I,transcribe meeting,ok,,,,,,,,,,
live transcribe zoom meetings,P3,10,16,0,I,transcribe meeting,ok,,,,,,,,,,
transcribe teams meeting to text,P3,10,16,0,I,transcribe meeting,ok,,,,,,,,,,
ms teams transcribe meeting,P3,10,16,0,I,transcribe meeting,ok,,,,,,,,,,
zoom meeting speech to text,P3,10,16,0,I,meeting speech to text,ok,,,,,,,,,,
speech to text zoom meeting,P3,10,16,1.49,I,meeting speech to text,ok,,,,,,,,,,
zoom meeting live transcription,P3,10,16,3.26,I,live meeting transcription,ok,,,,,,,,,,
live transcription zoom meetings,P3,10,16,0,I,live meeting transcription,ok,,,,,,,,,,
teams meeting speech to text,P3,10,17,0,I,meeting speech to text,ok,,,,,,,,,,
zoom meeting audio transcript,P3,10,18,0,I,meeting audio transcription,ok,,,,,,,,,,
automatically transcribe zoom meetings,P3,10,18,6.85,I,transcribe meeting,ok,,,,,,,,,,
auto transcribe zoom meetings,P3,10,18,6.85,"I,N",transcribe meeting,ok,,,,,,,,,,
transcribe recorded zoom meeting,P3,10,18,2.64,"I,N",transcribe meeting,ok,,,,,,,,,,
allow live transcription service to transcribe meeting automatically,P3,10,19,0,I,automatic meeting transcription,ok,,,,,,,,,,
taking and transcribing minutes of meetings,P3,10,19,0,I,transcribe meeting,ok,,,,,,,,,,
zoom meeting transcribe,P3,10,19,2.15,I,transcribe meeting,ok,,,,,,,,,,
app to record and transcribe meeting minutes,P3,10,23,3.12,I,transcribe meeting,ok,,,,,,,,,,
how to record and transcribe meeting minutes,P3,10,23,0,I,transcribe meeting,ok,,,,,,,,,,
speech to text teams meeting,P3,10,25,0,"I,N",meeting speech to text,ok,,,,,,,,,,
microsoft teams transcribe meeting,P3,10,27,0,"I,N",transcribe meeting,ok,,,,,,,,,,
can ms teams transcribe meeting,P3,10,27,0,"I,N",transcribe meeting,ok,,,,,,,,,,
free software to record and transcribe meeting minutes,P3,10,28,3.97,I,transcribe meeting,ok,,,,,,,,,,
transcribe teams meeting recording,P3,10,29,0,I,transcribe meeting,ok,,,,,,,,,,
microsoft teams speech to text meeting notes,P3,10,32,0,"I,N",meeting speech to text,ok,,,,,,,,,,
microsoft teams meeting speech to text,P3,10,33,0,"I,N",meeting speech to text,ok,,,,,,,,,,
transcribe meeting minutes software,P3,10,37,0,I,transcribe meeting,ok,,,,,,,,,,
speech to text software for meeting minutes,P3,10,37,0,I,meeting speech to text,ok,,,,,,,,,,
live transcription app google,P3,10,39,0,I,live transcription app,ok,,,,,,,,,,
transcribe minutes from meetings,P3,10,39,2.46,I,transcribe meeting,ok,,,,,,,,,,
free meeting minutes transcription software,P3,10,42,2.36,I,meeting transcription software,ok,,,,,,,,,,
record and transcribe meeting minutes,P3,10,42,0,"I,N",transcribe meeting,ok,,,,,,,,,,
speech to text meeting minutes,P3,10,47,3.13,I,meeting speech to text,ok,,,,,,,,,,
meeting minutes transcription software,P3,10,48,0,"I,N",meeting transcription software,ok,,,,,,,,,,
free meeting transcription software,P3,10,49,3.2,I,meeting transcription software,ok,,,,,,,,,,
transcribe meeting recording to text,P3,10,52,2.29,"I,N",transcribe meeting,ok,,,,,,,,,,
transcribe meetings to text,P3,10,54,2.71,"I,N",transcribe meeting,ok,,,,,,,,,,
speech to text meeting notes,P3,10,56,0,"I,N",meeting speech to text,ok,,,,,,,,,,
meeting recording transcription software,P3,10,58,7.2,"I,N",meeting transcription software,ok,,,,,,,,,,
transcribe video meeting,P3,10,58,0,"I,N",transcribe meeting,ok,,,,,,,,,,
zoom meeting audio transcription,P3,0,19,0,I,meeting audio transcription,ok,,,,,,,,,,
transcribe a live meeting,P3,0,45,0,I,transcribe meeting,ok,,,,,,,,,,
how to live transcribe google meet calls,P3,0,7,0,I,transcribe meeting,ok,,,,,,,,,,
